Workbook

Sheet Anotación
A1: Ground Truth — Clasificación Manual de Requerimientos de Red
A2: Muestra estratificada: 500 preguntas | Margen de error: ±4.4% (95% confianza) | Dataset total: 4,570
A3: # | B3: Pregunta | C3: Dominio sugerido | D3: TU CATEGORÍA | E3: Confianza (1-3) | F3: Notas | G3: Revisor 2
A4: 1 | B4: How do you configure the device as a border router (BR85) with a Loopback0 interface and domain settings for Performance Routing Version 3? | C4: CONNECTIVITY | D4: ROUTING
A5: 2 | B5: How can we configure the device to send and receive CFM frames using the relay function while dropping CFM frames from the direction of the wire? | C5: GENERAL | D5: MONITORING
A6: 3 | B6: How do you configure the crypto provisioning registrar on a Cisco router to use a default configuration file and execute a specific CGI script? | C6: SECURITY | D6: SECURITY
A7: 4 | B7: How do you update the SAF peering site prefix for Capability and site-prefix? | C7: GENERAL | D7: ROUTING
A8: 5 | B8: What is the recommended interval for setting continuity check in Ethernet connectivity fault management? | C8: GENERAL | D8: MONITORING
A9: 6 | B9: How can we address reuse in different zones of non-global scope? | C9: SECURITY | D9: CONNECTIVITY
A10: 7 | B10: How can we configure the router to save a self-signed certificate in the startup configuration to enable SSL handshakes between client and HTTPS server without user intervention? | C10: SECURITY
A11: 8 | B11: How to define a class map with match-any criteria based on a specified protocol in Cisco IOS? | C11: GENERAL
A12: 9 | B12: How can you apply a service policy to the output traffic in Cisco IOS? | C12: GENERAL | D12: QOS
A13: 10 | B13: How do you set bandwidth for different classes in a policy map on a router? | C13: QOS
A14: 11 | B14: How can we extend LACP to operate over a multichassis setup and synchronize protocol attributes and states between the two chassis? | C14: GENERAL
A15: 12 | B15: How can I enable VRRPv3 on a device and configure the parameters for creating a VRRP group? | C15: GENERAL
A16: 13 | B16: What is the required configuration to enable VRF-aware NAT for WAN-WAN topology with symmetric routing box-to-box redundancy? | C16: ROUTING
A17: 14 | B17: What is the Cisco IOS command used to enable the Certificate Enrollment for a Public Key Infrastructure (PKI) in a Suite-B supported network? | C17: GENERAL
A18: 15 | B18: What is the purpose of the "crypto isakmp invalid-spi-recovery" command in Cisco IOS? | C18: SECURITY
A19: 16 | B19: How will the certificate name be used in Cisco IOS configuration? | C19: SECURITY
A20: 17 | B20: How can we configure the SNMP Support for VPNs—Context-Based Access Control feature to associate SNMP agents and managers with specific VRFs for sending SNMP notifications (traps and informs) and responses between agents? | C20: MONITORING
A21: 18 | B21: How can I configure RADIUS Attribute 55 Event-Timestamp for accounting and authentication requests in Cisco IOS? | C21: GENERAL
A22: 19 | B22: How do you configure the default-information originate command on an interface to control the originating of the default route (::/0) in updates sent on that interface? | C22: CONNECTIVITY
A23: 20 | B23: How do you verify IPv4 multicast forwarding using the MFIB in PIM-SM, PIM-SSM, and bidir-PIM networks? | C23: ROUTING
A24: 21 | B24: How do I configure a performance-monitor type flow monitor with optional description, cache, statistics, exporter, and record settings? | C24: MONITORING
... A503: 500 | B503: How do you configure a Sun RPC Firewall Policy Map on your Cisco device? | C503: GENERAL

Sheet Guía de Categorías
A1: Guía de Categorías — Ground Truth SLM_netconfig
A2: Categoría | B2: Descripción | C2: Ejemplos de preguntas
A3: ROUTING | B3: Protocolos de enrutamiento dinámico (OSPF, BGP, EIGRP, RIP), rutas estáticas, MPLS, VRF, multicast (PIM, IGMP), redistribución, redundancia de primer salto (HSRP, VRRP). | C3: "How do you configure OSPF area authentication?" "What is the BGP route reflector used for?" "How do we enable PIM sparse-mode for multicast?"
A4: SECURITY | B4: Listas de control de acceso (ACL), firewalls de zona, IPsec, VPN, IKE/ISAKMP, AAA, RADIUS, PKI, certificados, protección ante ataques de red. | C4: "How do I configure a zone-based firewall?" "What commands define an IPsec crypto map?" "How do we configure RADIUS authentication for VTY lines?"
A5: QOS | B5: Calidad de servicio: políticas de tráfico (policy-map, class-map), shaping, policing, colas de prioridad, marcado DSCP/IP precedence, optimización de voz y video. | C5: "How do you create a policy-map for voice traffic?" "What is the difference between shaping and policing?" "How do we guarantee bandwidth for RTP streams?"
A6: CONNECTIVITY | B6: Interfaces físicas y lógicas, direccionamiento IP, NAT, VLANs, dot1q, ARP, bridge domains, port-channels (LACP), tunnels de overlay (GRE, VXLAN, DMVPN, NHRP), mecanismos de transición IPv6. | C6: "How do I configure a dot1q subinterface?" "What is the command to add a static NAT entry?" "How do we set up a DMVPN hub-and-spoke topology?"
A7: MONITORING | B7: Observabilidad y gestión: IP SLA, SNMP, NetFlow, BFD, LLDP, NTP, syslog/logging, NBAR, captura de paquetes, OAM (CFM, Y.1731), schedulers de operaciones. | C7: "How do I configure an IP SLA UDP jitter probe?" "What SNMP trap is sent when a link goes down?" "How do we enable NetFlow export to a collector?"
A8: GENERAL | B8: Preguntas conceptuales, procedimentales o de plataforma que no pertenecen claramente a un dominio técnico específico. Incluye modos de CLI, valores por defecto, compatibilidad de features o temas mixtos. | C8: "What is the minimum set of commands to enter global config mode?" "How do I update the IOS image on an ASR 1000?" "What are the severity levels in Cisco syslog?"

Sheet Estadísticas
A1: Progreso de Anotación — se actualiza automáticamente
A2: Categoría | B2: Anotadas | C2: % del total | D2: Acuerdo Revisor 2
A3: ROUTING | B3: =COUNTIF(Anotación!D4:D503,"ROUTING") -> 2 | C3: =IF(B3=0,0,B3/500) -> 0.004 | D3: =IFERROR(COUNTIFS(Anotación!D4:D503,"ROUTING",Anotación!G4:G503,"ROUTING")/B3,"-") -> 0
A4: SECURITY | B4: =COUNTIF(Anotación!D4:D503,"SECURITY") -> 1 | C4: =IF(B4=0,0,B4/500) -> 0.002 | D4: =IFERROR(COUNTIFS(Anotación!D4:D503,"SECURITY",Anotación!G4:G503,"SECURITY")/B4,"-") -> 0
A5: QOS | B5: =COUNTIF(Anotación!D4:D503,"QOS") -> 1 | C5: =IF(B5=0,0,B5/500) -> 0.002 | D5: =IFERROR(COUNTIFS(Anotación!D4:D503,"QOS",Anotación!G4:G503,"QOS")/B5,"-") -> 0
A6: CONNECTIVITY | B6: =COUNTIF(Anotación!D4:D503,"CONNECTIVITY") -> 1 | C6: =IF(B6=0,0,B6/500) -> 0.002 | D6: =IFERROR(COUNTIFS(Anotación!D4:D503,"CONNECTIVITY",Anotación!G4:G503,"CONNECTIVITY")/B6,"-") -> 0
A7: MONITORING | B7: =COUNTIF(Anotación!D4:D503,"MONITORING") -> 2 | C7: =IF(B7=0,0,B7/500) -> 0.004 | D7: =IFERROR(COUNTIFS(Anotación!D4:D503,"MONITORING",Anotación!G4:G503,"MONITORING")/B7,"-") -> 0
A8: GENERAL | B8: =COUNTIF(Anotación!D4:D503,"GENERAL") -> 0 | C8: =IF(B8=0,0,B8/500) -> 0 | D8: =IFERROR(COUNTIFS(Anotación!D4:D503,"GENERAL",Anotación!G4:G503,"GENERAL")/B8,"-") -> -
A9: TOTAL ANOTADAS | B9: =SUM(B3:B8) -> 7 | C9: =B9/500 -> 0.014
A11: Acuerdo observado (D=G) | B11: =SUMPRODUCT((Anotación!D4:D503=Anotación!G4:G503)*(Anotación!D4:D503<>"")*(Anotación!G4:G503<>"")) -> 0 | C11: =IFERROR(B11/SUMPRODUCT((Anotación!D4:D503<>"")*(Anotación!G4:G503<>"")),0) -> 0
A12: Objetivo: acuerdo ≥ 80% entre anotadores antes de usar como ground truth
